Gen,Family.ID,Sperm_ID,Sperm_length
G0,1,1.jpg,90
G0,1,1.jpg,80
G0,1,2.jpg,80
G0,1,3.jpg,86
G0,1,4.jpg,80
G0,1,5.jpg,93
G0,1,7.jpg,89
G0,1,8.jpg,88
G0,1,9.jpg,82
G0,1,10.jpg,83
G0,1,11.jpg,89
G0,1,12.jpg,99
G0,1,13.jpg,83
G0,1,14.jpg,97
G0,1,14.jpg,95
G0,1,15.jpg,88
G0,1,16.jpg,87
G0,1,17.jpg,89
G0,1,18.jpg,83
G0,1,19.jpg,86
G0,2,1.jpg,83
G0,2,2.jpg,92
G0,2,2.jpg,87
G0,2,3.jpg,84
G0,2,4.jpg,86
G0,2,5.jpg,84
G0,2,6.jpg,85
G0,2,7.jpg,88
G0,2,8.jpg,89
G0,2,9.jpg,83
G0,2,9.jpg,87
G0,2,10.jpg,87
G0,2,10.jpg,91
G0,2,11.jpg,88
G0,2,11.jpg,84
G0,2,11.jpg,87
G0,2,12.jpg,89
G0,2,12.jpg,83
G0,2,12.jpg,90
G0,2,13.jpg,89
G0,3,1.jpg,89
G0,3,1.jpg,90
G0,3,2.jpg,88
G0,3,2.jpg,87
G0,3,2.jpg,83
G0,3,3.jpg,85
G0,3,3.jpg,88
G0,3,4.jpg,88
G0,3,5.jpg,88
G0,3,5.jpg,82
G0,3,6.jpg,92
G0,3,6.jpg,84
G0,3,6.jpg,85
G0,3,7.jpg,90
G0,3,7.jpg,86
G0,3,8.jpg,93
G0,3,9.jpg,88
G0,3,9.jpg,89
G0,3,10.jpg,85
G0,3,10.jpg,93
G0,4,1.jpg,89
G0,4,1.jpg,90
G0,4,1.jpg,82
G0,4,1.jpg,87
G0,4,2.jpg,81
G0,4,2.jpg,88
G0,4,2.jpg,87
G0,4,3.jpg,89
G0,4,3.jpg,93
G0,4,4.jpg,85
G0,4,4.jpg,85
G0,4,4.jpg,80
G0,4,4.jpg,85
G0,4,5.jpg,90
G0,4,5.jpg,96
G0,4,5.jpg,87
G0,4,6.jpg,83
G0,4,6.jpg,83
G0,4,7.jpg,89
G0,4,7.jpg,84
G0,5,1.jpg,82
G0,5,1.jpg,84
G0,5,1.jpg,82
G0,5,2.jpg,95
G0,5,2.jpg,87
G0,5,3.jpg,83
G0,5,3.jpg,91
G0,5,4.jpg,94
G0,5,4.jpg,87
G0,5,4.jpg,88
G0,5,5.jpg,91
G0,5,6.jpg,92
G0,5,7.jpg,86
G0,5,8.jpg,84
G0,5,9.jpg,92
G0,5,10.jpg,91
G0,5,10.jpg,86
G0,5,11.jpg,89
G0,5,12.jpg,88
G0,5,12.jpg,87
G0,6,1.jpg,84
G0,6,1.jpg,89
G0,6,2.jpg,90
G0,6,2.jpg,82
G0,6,2.jpg,92
G0,6,3.jpg,94
G0,6,3.jpg,86
G0,6,3.jpg,85
G0,6,4.jpg,80
G0,6,4.jpg,82
G0,6,4.jpg,80
G0,6,4.jpg,82
G0,6,5.jpg,88
G0,6,5.jpg,92
G0,6,6.jpg,88
G0,6,7.jpg,90
G0,6,8.jpg,84
G0,6,8.jpg,90
G0,6,9.jpg,98
G0,6,9.jpg,88
G0,7,1.jpg,83
G0,7,1.jpg,88
G0,7,2.jpg,93
G0,7,3.jpg,82
G0,7,4.jpg,86
G0,7,4.jpg,87
G0,7,4.jpg,89
G0,7,5.jpg,84
G0,7,5.jpg,95
G0,7,5.jpg,95
G0,7,6.jpg,81
G0,7,6.jpg,89
G0,7,6.jpg,84
G0,7,6.jpg,89
G0,7,7.jpg,85
G0,7,7.jpg,83
G0,7,8.jpg,92
G0,7,8.jpg,89
G0,7,9.jpg,83
G0,7,9.jpg,82
G0,8,1.jpg,80
G0,8,1.jpg,88
G0,8,1.jpg,92
G0,8,2.jpg,84
G0,8,2.jpg,85
G0,8,3.jpg,86
G0,8,3.jpg,83
G0,8,3.jpg,81
G0,8,4.jpg,88
G0,8,4.jpg,81
G0,8,4.jpg,82
G0,8,5.jpg,81
G0,8,5.jpg,85
G0,8,5.jpg,93
G0,8,6.jpg,87
G0,8,7.jpg,84
G0,8,7.jpg,84
G0,8,8.jpg,87
G0,8,8.jpg,95
G0,8,8.jpg,81
G0,9,1.jpg,87
G0,9,1.jpg,84
G0,9,1.jpg,89
G0,9,1.jpg,81
G0,9,1.jpg,91
G0,9,1.jpg,81
G0,9,2.jpg,84
G0,9,2.jpg,90
G0,9,3.jpg,80
G0,9,3.jpg,83
G0,9,3.jpg,82
G0,9,3.jpg,87
G0,9,4.jpg,87
G0,9,4.jpg,80
G0,9,4.jpg,83
G0,9,5.jpg,81
G0,9,5.jpg,88
G0,9,5.jpg,85
G0,9,5.jpg,90
G0,9,6.jpg,89
G0,10,1.jpg,83
G0,10,1.jpg,82
G0,10,1.jpg,96
G0,10,1.jpg,82
G0,10,2.jpg,95
G0,10,3.jpg,80
G0,10,3.jpg,99
G0,10,4.jpg,89
G0,10,4.jpg,99
G0,10,4.jpg,88
G0,10,5.jpg,81
G0,10,5.jpg,84
G0,10,5.jpg,85
G0,10,5.jpg,83
G0,10,6.jpg,91
G0,10,6.jpg,80
G0,10,7.jpg,89
G0,10,7.jpg,99
G0,10,8.jpg,90
G0,10,8.jpg,91
G0,11,1.jpg,87
G0,11,1.jpg,94
G0,11,1.jpg,85
G0,11,1.jpg,82
G0,11,2.jpg,84
G0,11,2.jpg,94
G0,11,2.jpg,80
G0,11,2.jpg,87
G0,11,3.jpg,91
G0,11,3.jpg,87
G0,11,3.jpg,84
G0,11,3.jpg,83
G0,11,4.jpg,91
G0,11,4.jpg,89
G0,11,4.jpg,88
G0,11,5.jpg,89
G0,11,5.jpg,88
G0,11,6.jpg,89
G0,11,6.jpg,93
G0,11,6.jpg,84
G0,12,1.jpg,84
G0,12,1.jpg,80
G0,12,1.jpg,74
G0,12,2.jpg,84
G0,12,2.jpg,88
G0,12,2.jpg,93
G0,12,2.jpg,90
G0,12,3.jpg,77
G0,12,3.jpg,83
G0,12,3.jpg,92
G0,12,4.jpg,86
G0,12,4.jpg,88
G0,12,5.jpg,82
G0,12,5.jpg,78
G0,12,5.jpg,83
G0,12,5.jpg,75
G0,12,5.jpg,77
G0,12,5.jpg,82
G0,12,6.jpg,81
G0,12,6.jpg,87
G0,13,1.jpg,88
G0,13,1.jpg,93
G0,13,1.jpg,82
G0,13,1.jpg,85
G0,13,1.jpg,75
G0,13,2.jpg,83
G0,13,2.jpg,89
G0,13,2.jpg,90
G0,13,3.jpg,90
G0,13,3.jpg,77
G0,13,3.jpg,77
G0,13,3.jpg,86
G0,13,3.jpg,91
G0,13,4.jpg,82
G0,13,4.jpg,80
G0,13,4.jpg,83
G0,13,5.jpg,80
G0,13,5.jpg,96
G0,13,5.jpg,75
G0,13,6.jpg,84
G0,14,1.jpg,85
G0,14,1.jpg,76
G0,14,1.jpg,80
G0,14,2.jpg,86
G0,14,2.jpg,80
G0,14,2.jpg,80
G0,14,3.jpg,86
G0,14,3.jpg,84
G0,14,3.jpg,84
G0,14,4.jpg,87
G0,14,4.jpg,83
G0,14,4.jpg,82
G0,14,4.jpg,80
G0,14,5.jpg,85
G0,14,5.jpg,74
G0,14,5.jpg,75
G0,14,5.jpg,84
G0,14,6.jpg,81
G0,14,6.jpg,97
G0,14,6.jpg,82
G0,15,1.jpg,84
G0,15,1.jpg,78
G0,15,2.jpg,82
G0,15,2.jpg,80
G0,15,3.jpg,80
G0,15,3.jpg,99
G0,15,3.jpg,95
G0,15,3.jpg,93
G0,15,4.jpg,92
G0,15,4.jpg,86
G0,15,4.jpg,81
G0,15,5.jpg,98
G0,15,5.jpg,96
G0,15,5.jpg,96
G0,15,6.jpg,85
G0,15,6.jpg,85
G0,15,6.jpg,84
G0,15,6.jpg,88
G0,15,6.jpg,78
G0,15,6.jpg,98
G0,16,1.jpg,75
G0,16,1.jpg,89
G0,16,1.jpg,100
G0,16,2.jpg,93
G0,16,2.jpg,90
G0,16,2.jpg,82
G0,16,2.jpg,94
G0,16,2.jpg,88
G0,16,2.jpg,100
G0,16,3.jpg,96
G0,16,3.jpg,95
G0,16,4.jpg,89
G0,16,4.jpg,92
G0,16,4.jpg,93
G0,16,4.jpg,90
G0,16,4.jpg,78
G0,16,4.jpg,83
G0,16,4.jpg,86
G0,16,4.jpg,91
G0,16,4.jpg,84
G0,17,1.jpg,81
G0,17,1.jpg,80
G0,17,2.jpg,86
G0,17,2.jpg,80
G0,17,2.jpg,90
G0,17,3.jpg,87
G0,17,3.jpg,84
G0,17,3.jpg,77
G0,17,3.jpg,96
G0,17,4.jpg,97
G0,17,4.jpg,85
G0,17,5.jpg,88
G0,17,5.jpg,84
G0,17,6.jpg,85
G0,17,6.jpg,86
G0,17,6.jpg,86
G0,17,7.jpg,85
G0,17,7.jpg,94
G0,17,7.jpg,85
G0,17,7.jpg,82
G0,18,1.jpg,83
G0,18,2.jpg,91
G0,18,2.jpg,88
G0,18,2.jpg,96
G0,18,2.jpg,83
G0,18,3.jpg,94
G0,18,3.jpg,83
G0,18,3.jpg,80
G0,18,3.jpg,78
G0,18,3.jpg,89
G0,18,4.jpg,86
G0,18,4.jpg,89
G0,18,4.jpg,89
G0,18,4.jpg,81
G0,18,4.jpg,97
G0,18,5.jpg,87
G0,18,5.jpg,90
G0,18,5.jpg,89
G0,18,5.jpg,95
G0,18,5.jpg,82
G0,19,1.jpg,76
G0,19,1.jpg,87
G0,19,1.jpg,94
G0,19,1.jpg,92
G0,19,1.jpg,98
G0,19,2.jpg,97
G0,19,2.jpg,96
G0,19,3.jpg,91
G0,19,3.jpg,82
G0,19,4.jpg,97
G0,19,4.jpg,94
G0,19,4.jpg,83
G0,19,4.jpg,74
G0,19,5.jpg,92
G0,19,5.jpg,88
G0,19,5.jpg,100
G0,19,5.jpg,95
G0,19,6.jpg,96
G0,19,6.jpg,81
G0,19,6.jpg,76
G0,20,1.jpg,85
G0,20,1.jpg,87
G0,20,1.jpg,90
G0,20,1.jpg,84
G0,20,1.jpg,83
G0,20,1.jpg,94
G0,20,2.jpg,90
G0,20,2.jpg,88
G0,20,2.jpg,90
G0,20,2.jpg,87
G0,20,2.jpg,84
G0,20,2.jpg,81
G0,20,2.jpg,78
G0,20,2.jpg,93
G0,20,3.jpg,84
G0,20,3.jpg,74
G0,20,3.jpg,78
G0,20,3.jpg,87
G0,20,4.jpg,91
G0,20,4.jpg,83
G0,21,1.jpg,83
G0,21,1.jpg,90
G0,21,1.jpg,81
G0,21,1.jpg,81
G0,21,2.jpg,84
G0,21,2.jpg,80
G0,21,3.jpg,99
G0,21,3.jpg,80
G0,21,3.jpg,80
G0,21,4.jpg,81
G0,21,5.jpg,94
G0,21,5.jpg,83
G0,21,5.jpg,82
G0,21,5.jpg,87
G0,21,6.jpg,84
G0,21,6.jpg,83
G0,21,6.jpg,79
G0,21,7.jpg,88
G0,21,7.jpg,88
G0,21,8.jpg,89
G0,22,1.jpg,92
G0,22,1.jpg,84
G0,22,1.jpg,85
G0,22,2.jpg,89
G0,22,2.jpg,93
G0,22,2.jpg,88
G0,22,2.jpg,84
G0,22,2.jpg,86
G0,22,2.jpg,97
G0,22,3.jpg,91
G0,22,3.jpg,85
G0,22,3.jpg,87
G0,22,3.jpg,85
G0,22,3.jpg,84
G0,22,3.jpg,76
G0,22,3.jpg,82
G0,22,3.jpg,80
G0,22,3.jpg,95
G0,22,4.jpg,87
G0,22,4.jpg,92
G0,23,1.jpg,92
G0,23,1.jpg,85
G0,23,2.jpg,86
G0,23,3.jpg,92
G0,23,4.jpg,87
G0,23,4.jpg,85
G0,23,5.jpg,90
G0,23,6.jpg,86
G0,23,6.jpg,90
G0,23,6.jpg,81
G0,23,7.jpg,95
G0,23,7.jpg,83
G0,23,8.jpg,98
G0,23,8.jpg,86
G0,23,8.jpg,85
G0,23,8.jpg,80
G0,23,9.jpg,84
G0,23,9.jpg,88
G0,23,9.jpg,93
G0,23,10.jpg,91
G0,24,1.jpg,90
G0,24,1.jpg,81
G0,24,1.jpg,89
G0,24,1.jpg,86
G0,24,2.jpg,87
G0,24,2.jpg,86
G0,24,2.jpg,80
G0,24,2.jpg,84
G0,24,2.jpg,94
G0,24,2.jpg,80
G0,24,2.jpg,86
G0,24,3.jpg,90
G0,24,3.jpg,91
G0,24,3.jpg,86
G0,24,3.jpg,85
G0,24,4.jpg,82
G0,24,4.jpg,80
G0,24,4.jpg,80
G0,24,4.jpg,80
G0,24,4.jpg,84
G0,25,1.jpg,84
G0,25,1.jpg,85
G0,25,1.jpg,81
G0,25,2.jpg,83
G0,25,2.jpg,86
G0,25,2.jpg,82
G0,25,2.jpg,82
G0,25,2.jpg,84
G0,25,3.jpg,77
G0,25,3.jpg,90
G0,25,3.jpg,77
G0,25,4.jpg,89
G0,25,4.jpg,96
G0,25,5.jpg,88
G0,25,5.jpg,79
G0,25,5.jpg,77
G0,25,5.jpg,83
G0,25,5.jpg,89
G0,25,6.jpg,85
G0,25,6.jpg,89
G0,26,1.jpg,88
G0,26,1.jpg,91
G0,26,2.jpg,84
G0,26,2.jpg,88
G0,26,2.jpg,83
G0,26,2.jpg,89
G0,26,2.jpg,88
G0,26,2.jpg,90
G0,26,3.jpg,91
G0,26,3.jpg,85
G0,26,3.jpg,75
G0,26,4.jpg,89
G0,26,4.jpg,88
G0,26,4.jpg,97
G0,26,4.jpg,87
G0,26,5.jpg,94
G0,26,5.jpg,85
G0,26,5.jpg,88
G0,26,5.jpg,90
G0,26,5.jpg,83
G0,27,1.jpg,86
G0,27,1.jpg,97
G0,27,1.jpg,99
G0,27,2.jpg,93
G0,27,2.jpg,90
G0,27,2.jpg,79
G0,27,2.jpg,80
G0,27,3.jpg,84
G0,27,3.jpg,85
G0,27,3.jpg,91
G0,27,3.jpg,91
G0,27,4.jpg,95
G0,27,4.jpg,98
G0,27,5.jpg,87
G0,27,5.jpg,83
G0,27,5.jpg,85
G0,27,5.jpg,85
G0,27,5.jpg,85
G0,27,5.jpg,84
G0,27,6.jpg,93
G0,28,1.jpg,88
G0,28,1.jpg,89
G0,28,1.jpg,87
G0,28,1.jpg,86
G0,28,1.jpg,77
G0,28,1.jpg,80
G0,28,1.jpg,83
G0,28,1.jpg,79
G0,28,2.jpg,95
G0,28,2.jpg,86
G0,28,3.jpg,88
G0,28,3.jpg,92
G0,28,4.jpg,87
G0,28,4.jpg,94
G0,28,4.jpg,92
G0,28,4.jpg,90
G0,28,5.jpg,87
G0,28,5.jpg,87
G0,28,5.jpg,78
G0,28,5.jpg,81
G0,29,1.jpg,84
G0,29,1.jpg,90
G0,29,1.jpg,87
G0,29,2.jpg,84
G0,29,2.jpg,86
G0,29,3.jpg,83
G0,29,4.jpg,97
G0,29,4.jpg,90
G0,29,4.jpg,99
G0,29,5.jpg,87
G0,29,5.jpg,87
G0,29,6.jpg,88
G0,29,6.jpg,87
G0,29,6.jpg,87
G0,29,7.jpg,81
G0,29,7.jpg,84
G0,29,7.jpg,90
G0,29,8.jpg,95
G0,29,8.jpg,85
G0,29,8.jpg,85
G0,30,1.jpg,88
G0,30,1.jpg,95
G0,30,1.jpg,74
G0,30,2.jpg,85
G0,30,2.jpg,85
G0,30,3.jpg,79
G0,30,3.jpg,94
G0,30,3.jpg,87
G0,30,4.jpg,97
G0,30,4.jpg,83
G0,30,4.jpg,78
G0,30,5.jpg,89
G0,30,5.jpg,94
G0,30,6.jpg,88
G0,30,7.jpg,87
G0,30,8.jpg,88
G0,30,9.jpg,84
G0,30,10.jpg,89
G0,30,10.jpg,95
G0,30,11.jpg,86
G0,31,1.jpg,91
G0,31,1.jpg,83
G0,31,1.jpg,92
G0,31,1.jpg,80
G0,31,1.jpg,85
G0,31,2.jpg,81
G0,31,2.jpg,91
G0,31,2.jpg,84
G0,31,2.jpg,87
G0,31,3.jpg,84
G0,31,3.jpg,87
G0,31,3.jpg,81
G0,31,3.jpg,84
G0,31,3.jpg,81
G0,31,3.jpg,86
G0,31,4.jpg,88
G0,31,4.jpg,83
G0,31,4.jpg,91
G0,31,4.jpg,88
G0,31,5.jpg,91
G0,32,1.jpg,78
G0,32,1.jpg,84
G0,32,1.jpg,91
G0,32,1.jpg,87
G0,32,2.jpg,87
G0,32,2.jpg,85
G0,32,3.jpg,90
G0,32,3.jpg,86
G0,32,3.jpg,94
G0,32,4.jpg,85
G0,32,4.jpg,85
G0,32,4.jpg,88
G0,32,4.jpg,97
G0,32,4.jpg,85
G0,32,4.jpg,89
G0,32,5.jpg,82
G0,32,6.jpg,83
G0,32,6.jpg,96
G0,32,6.jpg,94
G0,32,6.jpg,99
G0,33,1.jpg,84
G0,33,1.jpg,84
G0,33,1.jpg,84
G0,33,1.jpg,87
G0,33,2.jpg,91
G0,33,2.jpg,91
G0,33,2.jpg,99
G0,33,2.jpg,81
G0,33,2.jpg,90
G0,33,3.jpg,89
G0,33,3.jpg,82
G0,33,3.jpg,85
G0,33,3.jpg,81
G0,33,4.jpg,88
G0,33,4.jpg,90
G0,33,4.jpg,82
G0,33,4.jpg,98
G0,33,4.jpg,83
G0,33,5.jpg,86
G0,33,5.jpg,87
G0,34,1.jpg,86
G0,34,1.jpg,89
G0,34,1.jpg,86
G0,34,1.jpg,90
G0,34,1.jpg,88
G0,34,2.jpg,86
G0,34,2.jpg,90
G0,34,2.jpg,80
G0,34,3.jpg,89
G0,34,4.jpg,87
G0,34,5.jpg,88
G0,34,5.jpg,84
G0,34,5.jpg,81
G0,34,5.jpg,85
G0,34,5.jpg,80
G0,34,6.jpg,99
G0,34,6.jpg,84
G0,34,6.jpg,88
G0,34,6.jpg,87
G0,34,7.jpg,89
G0,35,1.jpg,78
G0,35,1.jpg,87
G0,35,1.jpg,80
G0,35,1.jpg,80
G0,35,1.jpg,84
G0,35,2.jpg,90
G0,35,2.jpg,85
G0,35,3.jpg,84
G0,35,3.jpg,94
G0,35,3.jpg,82
G0,35,4.jpg,88
G0,35,4.jpg,83
G0,35,5.jpg,85
G0,35,5.jpg,77
G0,35,5.jpg,81
G0,35,6.jpg,99
G0,35,6.jpg,86
G0,35,7.jpg,82
G0,35,7.jpg,94
G0,35,7.jpg,77
G0,36,1.jpg,88
G0,36,1.jpg,100
G0,36,1.jpg,81
G0,36,2.jpg,88
G0,36,2.jpg,90
G0,36,2.jpg,82
G0,36,3.jpg,89
G0,36,3.jpg,87
G0,36,4.jpg,90
G0,36,4.jpg,93
G0,36,4.jpg,83
G0,36,5.jpg,85
G0,36,5.jpg,81
G0,36,6.jpg,84
G0,36,6.jpg,96
G0,36,6.jpg,87
G0,36,6.jpg,81
G0,36,6.jpg,87
G0,36,7.jpg,77
G0,36,7.jpg,87
G0,37,1.jpg,97
G0,37,1.jpg,87
G0,37,1.jpg,92
G0,37,2.jpg,86
G0,37,2.jpg,82
G0,37,2.jpg,89
G0,37,2.jpg,83
G0,37,2.jpg,97
G0,37,2.jpg,89
G0,37,3.jpg,84
G0,37,3.jpg,85
G0,37,3.jpg,89
G0,37,4.jpg,86
G0,37,4.jpg,83
G0,37,4.jpg,84
G0,37,4.jpg,82
G0,37,5.jpg,81
G0,37,6.jpg,83
G0,37,6.jpg,85
G0,37,7.jpg,81
G0,38,1.jpg,88
G0,38,1.jpg,81
G0,38,1.jpg,82
G0,38,1.jpg,83
G0,38,1.jpg,84
G0,38,1.jpg,82
G0,38,1.jpg,83
G0,38,2.jpg,93
G0,38,2.jpg,85
G0,38,2.jpg,82
G0,38,2.jpg,88
G0,38,3.jpg,96
G0,38,3.jpg,99
G0,38,3.jpg,81
G0,38,4.jpg,84
G0,38,4.jpg,83
G0,38,4.jpg,88
G0,38,4.jpg,100
G0,38,4.jpg,85
G0,38,5.jpg,86
G0,39,1.jpg,79
G0,39,1.jpg,82
G0,39,1.jpg,79
G0,39,1.jpg,94
G0,39,1.jpg,96
G0,39,1.jpg,95
G0,39,1.jpg,93
G0,39,2.jpg,78
G0,39,2.jpg,88
G0,39,2.jpg,78
G0,39,3.jpg,80
G0,39,3.jpg,91
G0,39,4.jpg,100
G0,39,4.jpg,99
G0,39,5.jpg,92
G0,39,5.jpg,77
G0,39,6.jpg,89
G0,39,6.jpg,78
G0,39,6.jpg,89
G0,39,6.jpg,80
G0,40,1.jpg,100
G0,40,1.jpg,83
G0,40,2.jpg,85
G0,40,2.jpg,91
G0,40,2.jpg,98
G0,40,3.jpg,93
G0,40,3.jpg,84
G0,40,3.jpg,87
G0,40,3.jpg,87
G0,40,3.jpg,77
G0,40,3.jpg,78
G0,40,3.jpg,75
G0,40,4.jpg,87
G0,40,4.jpg,86
G0,40,4.jpg,85
G0,40,5.jpg,83
G0,40,5.jpg,86
G0,40,5.jpg,92
G0,40,5.jpg,85
G0,40,6.jpg,88
G0,41,1.jpg,85
G0,41,1.jpg,84
G0,41,2.jpg,86
G0,41,2.jpg,88
G0,41,3.jpg,87
G0,41,3.jpg,84
G0,41,4.jpg,88
G0,41,4.jpg,96
G0,41,5.jpg,86
G0,41,5.jpg,83
G0,41,5.jpg,85
G0,41,5.jpg,99
G0,41,6.jpg,75
G0,41,6.jpg,90
G0,41,6.jpg,75
G0,41,6.jpg,87
G0,41,7.jpg,86
G0,41,7.jpg,98
G0,41,8.jpg,97
G0,41,9.jpg,83
G0,42,1.jpg,86
G0,42,1.jpg,87
G0,42,1.jpg,92
G0,42,2.jpg,88
G0,42,2.jpg,96
G0,42,2.jpg,81
G0,42,2.jpg,85
G0,42,2.jpg,81
G0,42,3.jpg,96
G0,42,3.jpg,80
G0,42,3.jpg,85
G0,42,3.jpg,85
G0,42,3.jpg,77
G0,42,3.jpg,90
G0,42,3.jpg,91
G0,42,3.jpg,94
G0,42,3.jpg,90
G0,42,4.jpg,89
G0,42,4.jpg,96
G0,42,4.jpg,76
G0,43,1.jpg,89
G0,43,1.jpg,85
G0,43,1.jpg,85
G0,43,1.jpg,82
G0,43,2.jpg,91
G0,43,3.jpg,91
G0,43,3.jpg,83
G0,43,3.jpg,88
G0,43,4.jpg,78
G0,43,4.jpg,79
G0,43,5.jpg,93
G0,43,5.jpg,95
G0,43,5.jpg,82
G0,43,6.jpg,83
G0,43,6.jpg,93
G0,43,6.jpg,99
G0,43,7.jpg,91
G0,43,7.jpg,93
G0,43,7.jpg,96
G0,43,7.jpg,87
G0,44,1.jpg,85
G0,44,1.jpg,89
G0,44,1.jpg,98
G0,44,2.jpg,91
G0,44,2.jpg,84
G0,44,3.jpg,92
G0,44,5.jpg,85
G0,44,5.jpg,91
G0,44,6.jpg,81
G0,44,6.jpg,89
G0,44,6.jpg,89
G0,44,6.jpg,86
G0,44,7.jpg,87
G0,44,7.jpg,80
G0,44,8.jpg,88
G0,44,8.jpg,91
G0,44,8.jpg,84
G0,44,9.jpg,91
G0,44,9.jpg,79
G0,44,9.jpg,74
G0,45,1.jpg,91
G0,45,1.jpg,88
G0,45,1.jpg,86
G0,45,1.jpg,89
G0,45,1.jpg,81
G0,45,1.jpg,82
G0,45,1.jpg,82
G0,45,2.jpg,83
G0,45,2.jpg,78
G0,45,3.jpg,92
G0,45,3.jpg,91
G0,45,3.jpg,80
G0,45,3.jpg,78
G0,45,3.jpg,87
G0,45,3.jpg,88
G0,45,4.jpg,89
G0,45,4.jpg,97
G0,45,5.jpg,89
G0,45,5.jpg,89
G0,45,5.jpg,83
G7,1,1.jpg,89
G7,1,2.jpg,83
G7,1,3.jpg,83
G7,1,3.jpg,87
G7,1,3.jpg,87
G7,1,4.jpg,85
G7,1,5.jpg,86
G7,1,5.jpg,91
G7,1,5.jpg,89
G7,1,5.jpg,88
G7,1,20.jpg,88
G7,1,20.jpg,85
G7,1,19.jpg,92
G7,1,19.jpg,88
G7,1,19.jpg,79
G7,1,19.jpg,76
G7,1,18.jpg,88
G7,1,18.jpg,85
G7,1,18.jpg,88
G7,1,18.jpg,82
G7,2,1.jpg,92
G7,2,2.jpg,87
G7,2,3.jpg,87
G7,2,3.jpg,89
G7,2,3.jpg,85
G7,2,4.jpg,90
G7,2,5.jpg,90
G7,2,5.jpg,94
G7,2,5.jpg,93
G7,2,5.jpg,91
G7,2,20.jpg,83
G7,2,20.jpg,86
G7,2,19.jpg,83
G7,2,19.jpg,85
G7,2,19.jpg,88
G7,2,19.jpg,87
G7,2,18.jpg,88
G7,2,18.jpg,89
G7,2,18.jpg,85
G7,2,18.jpg,93
G7,3,1.jpg,87
G7,3,2.jpg,91
G7,3,3.jpg,89
G7,3,3.jpg,88
G7,3,3.jpg,91
G7,3,4.jpg,89
G7,3,5.jpg,88
G7,3,5.jpg,88
G7,3,5.jpg,96
G7,3,5.jpg,87
G7,3,20.jpg,87
G7,3,20.jpg,85
G7,3,19.jpg,88
G7,3,19.jpg,91
G7,3,19.jpg,85
G7,3,19.jpg,86
G7,3,18.jpg,86
G7,3,18.jpg,83
G7,3,18.jpg,90
G7,3,18.jpg,90
G7,4,1.jpg,88
G7,4,2.jpg,91
G7,4,3.jpg,85
G7,4,3.jpg,94
G7,4,3.jpg,90
G7,4,4.jpg,89
G7,4,5.jpg,92
G7,4,5.jpg,92
G7,4,5.jpg,88
G7,4,5.jpg,88
G7,4,20.jpg,92
G7,4,20.jpg,91
G7,4,19.jpg,86
G7,4,19.jpg,89
G7,4,19.jpg,88
G7,4,19.jpg,88
G7,4,18.jpg,87
G7,4,18.jpg,90
G7,4,18.jpg,87
G7,4,18.jpg,87
G7,5,1.jpg,79
G7,5,2.jpg,85
G7,5,3.jpg,94
G7,5,3.jpg,90
G7,5,3.jpg,89
G7,5,4.jpg,92
G7,5,5.jpg,92
G7,5,5.jpg,86
G7,5,5.jpg,93
G7,5,5.jpg,91
G7,5,20.jpg,91
G7,5,20.jpg,91
G7,5,19.jpg,92
G7,5,19.jpg,86
G7,5,19.jpg,90
G7,5,19.jpg,85
G7,5,18.jpg,90
G7,5,18.jpg,89
G7,5,18.jpg,87
G7,5,18.jpg,87
G7,6,1.jpg,87
G7,6,2.jpg,90
G7,6,3.jpg,78
G7,6,3.jpg,85
G7,6,3.jpg,83
G7,6,4.jpg,85
G7,6,5.jpg,87
G7,6,5.jpg,83
G7,6,5.jpg,87
G7,6,5.jpg,85
G7,6,20.jpg,99
G7,6,20.jpg,89
G7,6,19.jpg,95
G7,6,19.jpg,96
G7,6,19.jpg,94
G7,6,19.jpg,86
G7,6,18.jpg,88
G7,6,18.jpg,89
G7,6,18.jpg,88
G7,6,18.jpg,89
G7,7,1.jpg,83
G7,7,2.jpg,89
G7,7,3.jpg,83
G7,7,3.jpg,89
G7,7,3.jpg,81
G7,7,4.jpg,89
G7,7,5.jpg,87
G7,7,5.jpg,88
G7,7,5.jpg,90
G7,7,5.jpg,85
G7,7,20.jpg,87
G7,7,20.jpg,84
G7,7,19.jpg,89
G7,7,19.jpg,84
G7,7,19.jpg,85
G7,7,19.jpg,85
G7,7,18.jpg,89
G7,7,18.jpg,82
G7,7,18.jpg,86
G7,7,18.jpg,89
G7,8,1.jpg,89
G7,8,2.jpg,89
G7,8,3.jpg,90
G7,8,3.jpg,90
G7,8,3.jpg,89
G7,8,4.jpg,88
G7,8,5.jpg,82
G7,8,5.jpg,85
G7,8,5.jpg,89
G7,8,5.jpg,86
G7,8,20.jpg,90
G7,8,20.jpg,88
G7,8,19.jpg,88
G7,8,19.jpg,94
G7,8,19.jpg,84
G7,8,19.jpg,86
G7,8,18.jpg,86
G7,8,18.jpg,80
G7,8,18.jpg,88
G7,8,18.jpg,89
G7,9,1.jpg,89
G7,9,2.jpg,80
G7,9,3.jpg,83
G7,9,3.jpg,89
G7,9,3.jpg,86
G7,9,4.jpg,92
G7,9,5.jpg,91
G7,9,5.jpg,88
G7,9,5.jpg,87
G7,9,5.jpg,89
G7,9,20.jpg,93
G7,9,20.jpg,80
G7,9,19.jpg,80
G7,9,19.jpg,80
G7,9,19.jpg,87
G7,9,19.jpg,81
G7,9,18.jpg,88
G7,9,18.jpg,85
G7,9,18.jpg,91
G7,9,18.jpg,87
G7,10,1.jpg,85
G7,10,1.jpg,84
G7,10,1.jpg,83
G7,10,1.jpg,89
G7,10,2.jpg,81
G7,10,3.jpg,80
G7,10,3.jpg,87
G7,10,4.jpg,93
G7,10,4.jpg,81
G7,10,4.jpg,88
G7,10,5.jpg,88
G7,10,5.jpg,84
G7,10,5.jpg,86
G7,10,5.jpg,82
G7,10,6.jpg,90
G7,10,6.jpg,80
G7,10,7.jpg,88
G7,10,7.jpg,86
G7,10,8.jpg,86
G7,10,8.jpg,89
G7,11,1.jpg,87
G7,11,2.jpg,84
G7,11,3.jpg,82
G7,11,3.jpg,81
G7,11,3.jpg,89
G7,11,4.jpg,83
G7,11,5.jpg,85
G7,11,5.jpg,82
G7,11,5.jpg,86
G7,11,5.jpg,89
G7,11,20.jpg,87
G7,11,20.jpg,84
G7,11,19.jpg,85
G7,11,19.jpg,80
G7,11,19.jpg,88
G7,11,19.jpg,80
G7,11,18.jpg,83
G7,11,18.jpg,80
G7,11,18.jpg,85
G7,11,18.jpg,81
G7,12,1.jpg,85
G7,12,2.jpg,88
G7,12,3.jpg,89
G7,12,3.jpg,81
G7,12,3.jpg,85
G7,12,4.jpg,82
G7,12,5.jpg,83
G7,12,5.jpg,84
G7,12,5.jpg,87
G7,12,5.jpg,86
G7,12,20.jpg,89
G7,12,20.jpg,81
G7,12,19.jpg,90
G7,12,19.jpg,88
G7,12,19.jpg,88
G7,12,19.jpg,89
G7,12,18.jpg,83
G7,12,18.jpg,88
G7,12,18.jpg,80
G7,12,18.jpg,85
G7,13,1.jpg,87
G7,13,2.jpg,87
G7,13,3.jpg,89
G7,13,3.jpg,89
G7,13,3.jpg,89
G7,13,4.jpg,82
G7,13,5.jpg,82
G7,13,5.jpg,80
G7,13,5.jpg,90
G7,13,5.jpg,94
G7,13,20.jpg,89
G7,13,20.jpg,91
G7,13,19.jpg,81
G7,13,19.jpg,87
G7,13,19.jpg,91
G7,13,19.jpg,90
G7,13,18.jpg,86
G7,13,18.jpg,84
G7,13,18.jpg,87
G7,13,18.jpg,80
G7,14,1.jpg,91
G7,14,1.jpg,75
G7,14,1.jpg,91
G7,14,2.jpg,78
G7,14,2.jpg,81
G7,14,2.jpg,80
G7,14,3.jpg,80
G7,14,3.jpg,82
G7,14,3.jpg,80
G7,14,4.jpg,74
G7,14,4.jpg,76
G7,14,4.jpg,81
G7,14,4.jpg,81
G7,14,1.jpg,88
G7,14,2.jpg,79
G7,14,3.jpg,82
G7,14,3.jpg,74
G7,14,3.jpg,74
G7,14,4.jpg,77
G7,14,5.jpg,79
G7,15,5.jpg,91
G7,15,5.jpg,83
G7,15,5.jpg,77
G7,15,20.jpg,85
G7,15,20.jpg,77
G7,15,19.jpg,86
G7,15,19.jpg,81
G7,15,19.jpg,86
G7,15,19.jpg,79
G7,15,18.jpg,81
G7,15,18.jpg,87
G7,15,18.jpg,89
G7,15,18.jpg,81
G7,15,1.jpg,85
G7,15,2.jpg,84
G7,15,3.jpg,78
G7,15,3.jpg,80
G7,15,3.jpg,81
G7,15,4.jpg,80
G7,15,5.jpg,80
G7,16,5.jpg,85
G7,16,5.jpg,77
G7,16,5.jpg,78
G7,16,20.jpg,76
G7,16,20.jpg,81
G7,16,19.jpg,95
G7,16,19.jpg,95
G7,16,19.jpg,92
G7,16,19.jpg,97
G7,16,18.jpg,96
G7,16,18.jpg,84
G7,16,18.jpg,88
G7,16,18.jpg,88
G7,16,1.jpg,88
G7,16,2.jpg,82
G7,16,3.jpg,91
G7,16,3.jpg,84
G7,16,3.jpg,93
G7,16,4.jpg,88
G7,16,5.jpg,92
G7,17,5.jpg,90
G7,17,5.jpg,89
G7,17,5.jpg,89
G7,17,20.jpg,87
G7,17,20.jpg,87
G7,17,19.jpg,89
G7,17,19.jpg,83
G7,17,19.jpg,83
G7,17,19.jpg,81
G7,17,18.jpg,83
G7,17,18.jpg,73
G7,17,18.jpg,71
G7,17,18.jpg,85
G7,17,6.jpg,81
G7,17,6.jpg,80
G7,17,6.jpg,82
G7,17,7.jpg,80
G7,17,7.jpg,70
G7,17,7.jpg,76
G7,17,7.jpg,83
G7,18,1.jpg,91
G7,18,2.jpg,78
G7,18,3.jpg,87
G7,18,3.jpg,81
G7,18,3.jpg,86
G7,18,4.jpg,84
G7,18,5.jpg,79
G7,18,5.jpg,84
G7,18,5.jpg,87
G7,18,5.jpg,88
G7,18,20.jpg,78
G7,18,20.jpg,83
G7,18,19.jpg,76
G7,18,19.jpg,88
G7,18,19.jpg,88
G7,18,19.jpg,85
G7,18,18.jpg,86
G7,18,18.jpg,79
G7,18,18.jpg,88
G7,18,18.jpg,84
G7,19,1.jpg,82
G7,19,2.jpg,83
G7,19,3.jpg,86
G7,19,3.jpg,90
G7,19,3.jpg,86
G7,19,4.jpg,84
G7,19,5.jpg,91
G7,19,5.jpg,84
G7,19,5.jpg,82
G7,19,5.jpg,90
G7,19,20.jpg,90
G7,19,20.jpg,86
G7,19,19.jpg,89
G7,19,19.jpg,85
G7,19,19.jpg,82
G7,19,19.jpg,81
G7,19,18.jpg,89
G7,19,18.jpg,85
G7,19,18.jpg,84
G7,19,18.jpg,86
G7,20,1.jpg,86
G7,20,2.jpg,82
G7,20,3.jpg,90
G7,20,3.jpg,80
G7,20,3.jpg,88
G7,20,4.jpg,86
G7,20,5.jpg,86
G7,20,5.jpg,89
G7,20,5.jpg,80
G7,20,5.jpg,83
G7,20,20.jpg,89
G7,20,20.jpg,86
G7,20,19.jpg,92
G7,20,19.jpg,91
G7,20,19.jpg,88
G7,20,19.jpg,87
G7,20,18.jpg,89
G7,20,18.jpg,93
G7,20,18.jpg,80
G7,20,18.jpg,80
G7,21,1.jpg,86
G7,21,1.jpg,86
G7,21,1.jpg,80
G7,21,1.jpg,88
G7,21,2.jpg,89
G7,21,2.jpg,84
G7,21,3.jpg,84
G7,21,3.jpg,81
G7,21,3.jpg,88
G7,21,4.jpg,82
G7,21,5.jpg,89
G7,21,5.jpg,80
G7,21,5.jpg,89
G7,21,5.jpg,89
G7,21,6.jpg,89
G7,21,6.jpg,80
G7,21,6.jpg,88
G7,21,7.jpg,89
G7,21,7.jpg,85
G7,21,8.jpg,85
G7,22,1.jpg,87
G7,22,2.jpg,87
G7,22,3.jpg,88
G7,22,3.jpg,90
G7,22,3.jpg,83
G7,22,4.jpg,89
G7,22,5.jpg,83
G7,22,5.jpg,89
G7,22,5.jpg,81
G7,22,5.jpg,89
G7,22,20.jpg,87
G7,22,20.jpg,88
G7,22,19.jpg,90
G7,22,19.jpg,85
G7,22,19.jpg,87
G7,22,19.jpg,84
G7,22,18.jpg,89
G7,22,18.jpg,84
G7,22,18.jpg,85
G7,22,18.jpg,85
G7,23,1.jpg,89
G7,23,2.jpg,82
G7,23,3.jpg,86
G7,23,3.jpg,89
G7,23,3.jpg,82
G7,23,4.jpg,80
G7,23,5.jpg,85
G7,23,5.jpg,86
G7,23,5.jpg,87
G7,23,5.jpg,93
G7,23,20.jpg,92
G7,23,20.jpg,87
G7,23,19.jpg,93
G7,23,19.jpg,91
G7,23,19.jpg,87
G7,23,19.jpg,95
G7,23,18.jpg,88
G7,23,18.jpg,88
G7,23,18.jpg,87
G7,23,18.jpg,90
G7,24,1.jpg,81
G7,24,2.jpg,89
G7,24,3.jpg,89
G7,24,3.jpg,84
G7,24,3.jpg,89
G7,24,4.jpg,93
G7,24,5.jpg,83
G7,24,5.jpg,80
G7,24,5.jpg,85
G7,24,5.jpg,92
G7,24,20.jpg,86
G7,24,20.jpg,90
G7,24,19.jpg,87
G7,24,19.jpg,90
G7,24,19.jpg,87
G7,24,19.jpg,87
G7,24,18.jpg,90
G7,24,18.jpg,84
G7,24,18.jpg,89
G7,24,18.jpg,89
G7,25,1.jpg,91
G7,25,2.jpg,96
G7,25,3.jpg,82
G7,25,3.jpg,92
G7,25,3.jpg,92
G7,25,4.jpg,90
G7,25,5.jpg,82
G7,25,5.jpg,84
G7,25,5.jpg,86
G7,25,5.jpg,90
G7,25,20.jpg,85
G7,25,20.jpg,82
G7,25,19.jpg,82
G7,25,19.jpg,90
G7,25,19.jpg,82
G7,25,19.jpg,82
G7,25,18.jpg,88
G7,25,18.jpg,74
G7,25,18.jpg,74
G7,25,18.jpg,85
G7,26,1.jpg,78
G7,26,2.jpg,84
G7,26,3.jpg,77
G7,26,3.jpg,80
G7,26,3.jpg,79
G7,26,4.jpg,85
G7,26,5.jpg,86
G7,26,5.jpg,77
G7,26,5.jpg,77
G7,26,5.jpg,89
G7,26,20.jpg,76
G7,26,20.jpg,83
G7,26,19.jpg,84
G7,26,19.jpg,84
G7,26,19.jpg,81
G7,26,19.jpg,81
G7,26,18.jpg,89
G7,26,18.jpg,80
G7,26,18.jpg,89
G7,26,18.jpg,81
G7,27,1.jpg,79
G7,27,2.jpg,88
G7,27,3.jpg,84
G7,27,3.jpg,84
G7,27,3.jpg,93
G7,27,4.jpg,94
G7,27,5.jpg,83
G7,27,5.jpg,89
G7,27,5.jpg,81
G7,27,5.jpg,91
G7,27,20.jpg,85
G7,27,20.jpg,87
G7,27,19.jpg,87
G7,27,19.jpg,92
G7,27,19.jpg,81
G7,27,19.jpg,87
G7,27,18.jpg,89
G7,27,18.jpg,89
G7,27,18.jpg,85
G7,27,18.jpg,83
G7,28,1.jpg,83
G7,28,1.jpg,86
G7,28,1.jpg,79
G7,28,1.jpg,90
G7,28,1.jpg,83
G7,28,1.jpg,87
G7,28,1.jpg,83
G7,28,1.jpg,90
G7,28,2.jpg,86
G7,28,2.jpg,81
G7,28,3.jpg,86
G7,28,3.jpg,84
G7,28,4.jpg,80
G7,28,4.jpg,84
G7,28,4.jpg,81
G7,28,4.jpg,89
G7,28,5.jpg,88
G7,28,5.jpg,75
G7,28,5.jpg,79
G7,28,5.jpg,84
G7,29,1.jpg,89
G7,29,2.jpg,80
G7,29,3.jpg,85
G7,29,3.jpg,88
G7,29,3.jpg,82
G7,29,4.jpg,89
G7,29,5.jpg,86
G7,29,5.jpg,79
G7,29,5.jpg,82
G7,29,5.jpg,85
G7,29,20.jpg,80
G7,29,20.jpg,85
G7,29,19.jpg,92
G7,29,19.jpg,88
G7,29,19.jpg,87
G7,29,19.jpg,86
G7,29,18.jpg,85
G7,29,18.jpg,88
G7,29,18.jpg,93
G7,29,18.jpg,88
G7,30,1.jpg,80
G7,30,2.jpg,89
G7,30,3.jpg,83
G7,30,3.jpg,87
G7,30,3.jpg,88
G7,30,4.jpg,85
G7,30,5.jpg,87
G7,30,5.jpg,91
G7,30,5.jpg,88
G7,30,5.jpg,88
G7,30,20.jpg,88
G7,30,20.jpg,86
G7,30,19.jpg,94
G7,30,19.jpg,85
G7,30,19.jpg,86
G7,30,19.jpg,90
G7,30,18.jpg,87
G7,30,18.jpg,85
G7,30,18.jpg,89
G7,30,18.jpg,86
G7,31,1.jpg,87
G7,31,2.jpg,83
G7,31,3.jpg,86
G7,31,3.jpg,83
G7,31,3.jpg,85
G7,31,4.jpg,85
G7,31,5.jpg,88
G7,31,5.jpg,87
G7,31,5.jpg,89
G7,31,5.jpg,88
G7,31,20.jpg,81
G7,31,20.jpg,83
G7,31,19.jpg,86
G7,31,19.jpg,86
G7,31,19.jpg,88
G7,31,19.jpg,90
G7,31,18.jpg,85
G7,31,18.jpg,89
G7,31,18.jpg,83
G7,31,18.jpg,84
G7,32,1.jpg,81
G7,32,1.jpg,88
G7,32,1.jpg,87
G7,32,1.jpg,83
G7,32,2.jpg,86
G7,32,2.jpg,83
G7,32,3.jpg,86
G7,32,3.jpg,81
G7,32,3.jpg,83
G7,32,4.jpg,90
G7,32,4.jpg,86
G7,32,4.jpg,77
G7,32,4.jpg,76
G7,32,4.jpg,92
G7,32,4.jpg,91
G7,32,5.jpg,87
G7,32,6.jpg,90
G7,32,6.jpg,87
G7,32,6.jpg,87
G7,32,6.jpg,79
G7,33,1.jpg,76
G7,33,2.jpg,87
G7,33,3.jpg,85
G7,33,3.jpg,84
G7,33,3.jpg,88
G7,33,4.jpg,91
G7,33,5.jpg,85
G7,33,5.jpg,94
G7,33,5.jpg,90
G7,33,5.jpg,89
G7,33,20.jpg,92
G7,33,20.jpg,92
G7,33,19.jpg,86
G7,33,19.jpg,93
G7,33,19.jpg,91
G7,33,19.jpg,91
G7,33,18.jpg,91
G7,33,18.jpg,92
G7,33,18.jpg,86
G7,33,18.jpg,90
G7,34,1.jpg,85
G7,34,2.jpg,90
G7,34,3.jpg,89
G7,34,3.jpg,87
G7,34,3.jpg,88
G7,34,4.jpg,90
G7,34,5.jpg,94
G7,34,5.jpg,90
G7,34,5.jpg,90
G7,34,5.jpg,86
G7,34,20.jpg,87
G7,34,20.jpg,87
G7,34,19.jpg,89
G7,34,19.jpg,88
G7,34,19.jpg,88
G7,34,19.jpg,88
G7,34,18.jpg,92
G7,34,18.jpg,91
G7,34,18.jpg,86
G7,34,18.jpg,89
G7,35,1.jpg,88
G7,35,2.jpg,88
G7,35,3.jpg,89
G7,35,3.jpg,86
G7,35,3.jpg,89
G7,35,4.jpg,87
G7,35,5.jpg,89
G7,35,5.jpg,89
G7,35,5.jpg,88
G7,35,5.jpg,85
G7,35,20.jpg,87
G7,35,20.jpg,87
G7,35,19.jpg,84
G7,35,19.jpg,86
G7,35,19.jpg,84
G7,35,19.jpg,84
G7,35,18.jpg,83
G7,35,18.jpg,82
G7,35,18.jpg,87
G7,35,18.jpg,89
G7,36,1.jpg,84
G7,36,2.jpg,89
G7,36,3.jpg,87
G7,36,3.jpg,86
G7,36,3.jpg,94
G7,36,4.jpg,97
G7,36,5.jpg,93
G7,36,5.jpg,95
G7,36,5.jpg,93
G7,36,5.jpg,91
G7,36,20.jpg,95
G7,36,20.jpg,91
G7,36,19.jpg,95
G7,36,19.jpg,92
G7,36,19.jpg,92
G7,36,19.jpg,96
G7,36,18.jpg,95
G7,36,18.jpg,97
G7,36,18.jpg,95
G7,36,18.jpg,89
G7,37,1.jpg,97
G7,37,2.jpg,87
G7,37,3.jpg,91
G7,37,3.jpg,92
G7,37,3.jpg,88
G7,37,4.jpg,89
G7,37,5.jpg,85
G7,37,5.jpg,93
G7,37,5.jpg,87
G7,37,5.jpg,91
G7,37,20.jpg,89
G7,37,20.jpg,88
G7,37,19.jpg,91
G7,37,19.jpg,89
G7,37,19.jpg,88
G7,37,19.jpg,99
G7,37,18.jpg,89
G7,37,18.jpg,95
G7,37,18.jpg,96
G7,37,18.jpg,94
G7,38,1.jpg,86
G7,38,2.jpg,88
G7,38,3.jpg,89
G7,38,3.jpg,88
G7,38,3.jpg,89
G7,38,4.jpg,82
G7,38,5.jpg,88
G7,38,5.jpg,91
G7,38,5.jpg,89
G7,38,5.jpg,90
G7,38,20.jpg,89
G7,38,20.jpg,84
G7,38,19.jpg,86
G7,38,19.jpg,87
G7,38,19.jpg,84
G7,38,19.jpg,90
G7,38,18.jpg,92
G7,38,18.jpg,90
G7,38,18.jpg,86
G7,38,18.jpg,103
G7,39,1.jpg,88
G7,39,2.jpg,91
G7,39,3.jpg,90
G7,39,3.jpg,91
G7,39,3.jpg,92
G7,39,4.jpg,90
G7,39,5.jpg,94
G7,39,5.jpg,92
G7,39,5.jpg,87
G7,39,5.jpg,86
G7,39,20.jpg,90
G7,39,20.jpg,94
G7,39,19.jpg,90
G7,39,19.jpg,89
G7,39,19.jpg,87
G7,39,19.jpg,86
G7,39,18.jpg,90
G7,39,18.jpg,88
G7,39,18.jpg,90
G7,39,18.jpg,84
G7,40,1.jpg,85
G7,40,2.jpg,89
G7,40,3.jpg,88
G7,40,3.jpg,87
G7,40,3.jpg,86
G7,40,4.jpg,85
G7,40,5.jpg,82
G7,40,5.jpg,80
G7,40,5.jpg,86
G7,40,5.jpg,83
G7,40,20.jpg,90
G7,40,20.jpg,87
G7,40,19.jpg,81
G7,40,19.jpg,88
G7,40,19.jpg,87
G7,40,19.jpg,94
G7,40,18.jpg,90
G7,40,18.jpg,90
G7,40,18.jpg,82
G7,40,18.jpg,86
G7,41,1.jpg,86
G7,41,2.jpg,86
G7,41,3.jpg,86
G7,41,3.jpg,83
G7,41,3.jpg,83
G7,41,4.jpg,88
G7,41,5.jpg,85
G7,41,5.jpg,84
G7,41,5.jpg,83
G7,41,5.jpg,81
G7,41,20.jpg,85
G7,41,20.jpg,84
G7,41,19.jpg,85
G7,41,19.jpg,91
G7,41,19.jpg,86
G7,41,19.jpg,91
G7,41,18.jpg,85
G7,41,18.jpg,90
G7,41,18.jpg,83
G7,41,18.jpg,88
G7,42,1.jpg,80
G7,42,1.jpg,83
G7,42,1.jpg,87
G7,42,2.jpg,96
G7,42,2.jpg,89
G7,42,2.jpg,81
G7,42,2.jpg,91
G7,42,2.jpg,89
G7,42,3.jpg,89
G7,42,3.jpg,99
G7,42,3.jpg,90
G7,42,3.jpg,89
G7,42,3.jpg,99
G7,42,3.jpg,87
G7,42,3.jpg,94
G7,42,3.jpg,89
G7,42,3.jpg,84
G7,42,4.jpg,85
G7,42,4.jpg,88
G7,42,4.jpg,88
G7,43,1.jpg,88
G7,43,1.jpg,88
G7,43,1.jpg,85
G7,43,1.jpg,87
G7,43,2.jpg,94
G7,43,3.jpg,97
G7,43,3.jpg,89
G7,43,3.jpg,97
G7,43,4.jpg,88
G7,43,4.jpg,93
G7,43,5.jpg,92
G7,43,5.jpg,95
G7,43,5.jpg,91
G7,43,6.jpg,87
G7,43,6.jpg,83
G7,43,6.jpg,94
G7,43,7.jpg,84
G7,43,7.jpg,93
G7,43,7.jpg,88
G7,43,7.jpg,92
G7,44,1.jpg,88
G7,44,1.jpg,90
G7,44,1.jpg,90
G7,44,2.jpg,89
G7,44,2.jpg,81
G7,44,3.jpg,95
G7,44,5.jpg,95
G7,44,5.jpg,92
G7,44,6.jpg,97
G7,44,6.jpg,96
G7,44,6.jpg,84
G7,44,6.jpg,87
G7,44,7.jpg,90
G7,44,7.jpg,89
G7,44,8.jpg,91
G7,44,8.jpg,89
G7,44,8.jpg,88
G7,44,9.jpg,91
G7,44,9.jpg,93
G7,44,9.jpg,92
G7,45,1.jpg,89
G7,45,1.jpg,91
G7,45,1.jpg,91
G7,45,1.jpg,92
G7,45,1.jpg,90
G7,45,1.jpg,93
G7,45,1.jpg,86
G7,45,2.jpg,85
G7,45,2.jpg,88
G7,45,3.jpg,88
G7,45,3.jpg,88
G7,45,3.jpg,82
G7,45,3.jpg,91
G7,45,3.jpg,83
G7,45,3.jpg,81
G7,45,4.jpg,92
G7,45,4.jpg,98
G7,45,5.jpg,85
G7,45,5.jpg,77
G7,45,5.jpg,76
